{
  "providers": [
    {
	  "type": "space",
	    "advances": {
		  " ": 4,
		  "\uf000": 2
		  }
	  },
    {
      "type": "bitmap",
      "file": "rmf:item/apple_juice.png",
      "height": 10,
      "ascent": 10,
      "chars": [
        "\ua000"
      ]
    },
	{
      "type": "bitmap",
      "file": "rmf:item/apple_pie.png",
      "height": 10,
      "ascent": 10,
      "chars": [
        "\ua001"
      ]
    },
	{
      "type": "bitmap",
      "file": "rmf:item/apple_pie_slice.png",
      "height": 10,
      "ascent": 10,
      "chars": [
        "\ua002"
      ]
    },
	{
      "type": "bitmap",
      "file": "rmf:item/baguette.png",
      "height": 10,
      "ascent": 10,
      "chars": [
        "\ua003"
      ]
    },
	{
      "type": "bitmap",
      "file": "rmf:item/banana.png",
      "height": 10,
      "ascent": 10,
      "chars": [
        "\ua004"
      ]
    },
	{
      "type": "bitmap",
      "file": "rmf:item/smoothie_banana.png",
      "height": 10,
      "ascent": 10,
      "chars": [
        "\ua005"
      ]
    },
	{
      "type": "bitmap",
      "file": "rmf:item/beef_burger.png",
      "height": 10,
      "ascent": 10,
      "chars": [
        "\ua006"
      ]
    },
	{
      "type": "bitmap",
      "file": "rmf:item/berry_cookie.png",
      "height": 10,
      "ascent": 10,
      "chars": [
        "\ua007"
      ]
    },
	{
      "type": "bitmap",
      "file": "rmf:item/snow_cone_black.png",
      "height": 10,
      "ascent": 10,
      "chars": [
        "\ua008"
      ]
    },
	{
      "type": "bitmap",
      "file": "rmf:item/blueberry.png",
      "height": 10,
      "ascent": 10,
      "chars": [
        "\ua009"
      ]
    },
	{
      "type": "bitmap",
      "file": "rmf:item/smoothie_blueberry.png",
      "height": 10,
      "ascent": 10,
      "chars": [
        "\ua010"
      ]
    },
	{
      "type": "bitmap",
      "file": "rmf:item/brownie.png",
      "height": 10,
      "ascent": 10,
      "chars": [
        "\ua011"
      ]
    },
	{
      "type": "bitmap",
      "file": "rmf:item/burned_marshmallow_stick.png",
      "height": 10,
      "ascent": 10,
      "chars": [
        "\ua012"
      ]
    },
	{
      "type": "bitmap",
      "file": "rmf:item/burrito.png",
      "height": 10,
      "ascent": 10,
      "chars": [
        "\ua013"
      ]
    },
	{
      "type": "bitmap",
      "file": "rmf:item/cake_slice.png",
      "height": 10,
      "ascent": 10,
      "chars": [
        "\ua014"
      ]
    },
	{
      "type": "bitmap",
      "file": "rmf:item/cereal.png",
      "height": 10,
      "ascent": 10,
      "chars": [
        "\ua015"
      ]
    },
	{
      "type": "bitmap",
      "file": "rmf:item/cheese.png",
      "height": 10,
      "ascent": 10,
      "chars": [
        "\ua016"
      ]
    },
	{
      "type": "bitmap",
      "file": "rmf:item/cheese_pizza_slice.png",
      "height": 10,
      "ascent": 10,
      "chars": [
        "\ua017"
      ]
    },
	{
      "type": "bitmap",
      "file": "rmf:item/cheese_sandwich.png",
      "height": 10,
      "ascent": 10,
      "chars": [
        "\ua018"
      ]
    },
	{
      "type": "bitmap",
      "file": "rmf:item/cheeseburger.png",
      "height": 10,
      "ascent": 10,
      "chars": [
        "\ua019"
      ]
    },
	{
      "type": "bitmap",
      "file": "rmf:item/cheesecake.png",
      "height": 10,
      "ascent": 10,
      "chars": [
        "\ua020"
      ]
    },
	{
      "type": "bitmap",
      "file": "rmf:item/chicken_burger.png",
      "height": 10,
      "ascent": 10,
      "chars": [
        "\ua021"
      ]
    },
	{
      "type": "bitmap",
      "file": "rmf:item/chicken_parmesan.png",
      "height": 10,
      "ascent": 10,
      "chars": [
        "\ua022"
      ]
    },
	{
      "type": "bitmap",
      "file": "rmf:item/chicken_soup.png",
      "height": 10,
      "ascent": 10,
      "chars": [
        "\ua023"
      ]
    },
	{
      "type": "bitmap",
      "file": "rmf:item/chocolate_cake.png",
      "height": 10,
      "ascent": 10,
      "chars": [
        "\ua024"
      ]
    },
	{
      "type": "bitmap",
      "file": "rmf:item/chocolate_milk.png",
      "height": 10,
      "ascent": 10,
      "chars": [
        "\ua026"
      ]
    },
	{
      "type": "bitmap",
      "file": "rmf:item/churro.png",
      "height": 10,
      "ascent": 10,
      "chars": [
        "\ua027"
      ]
    },
	{
      "type": "bitmap",
      "file": "rmf:item/cleaver_model.png",
      "height": 10,
      "ascent": 10,
      "chars": [
        "\ua028"
      ]
    },
	{
      "type": "bitmap",
      "file": "rmf:item/cocoa_cookie.png",
      "height": 10,
      "ascent": 10,
      "chars": [
        "\ua029"
      ]
    },
	{
      "type": "bitmap",
      "file": "rmf:item/coconut.png",
      "height": 10,
      "ascent": 10,
      "chars": [
        "\ua030"
      ]
    },
	{
      "type": "bitmap",
      "file": "rmf:item/coconut_chunk.png",
      "height": 10,
      "ascent": 10,
      "chars": [
        "\ua031"
      ]
    },
	{
      "type": "bitmap",
      "file": "rmf:item/coffee.png",
      "height": 10,
      "ascent": 10,
      "chars": [
        "\ua032"
      ]
    },
	{
      "type": "bitmap",
      "file": "rmf:item/coffee_beans.png",
      "height": 10,
      "ascent": 10,
      "chars": [
        "\ua033"
      ]
    },
	{
      "type": "bitmap",
      "file": "rmf:item/cracker.png",
      "height": 10,
      "ascent": 10,
      "chars": [
        "\ua034"
      ]
    },
	{
      "type": "bitmap",
      "file": "rmf:item/croissant.png",
      "height": 10,
      "ascent": 10,
      "chars": [
        "\ua035"
      ]
    },
	{
      "type": "bitmap",
      "file": "rmf:item/cut_potatoes.png",
      "height": 10,
      "ascent": 10,
      "chars": [
        "\ua036"
      ]
    },
	{
      "type": "bitmap",
      "file": "rmf:item/chocolate_bar_dark.png",
      "height": 10,
      "ascent": 10,
      "chars": [
        "\ua037"
      ]
    },
	{
      "type": "bitmap",
      "file": "minecraft:item/rabbit_stew.png",
      "height": 10,
      "ascent": 10,
      "chars": [
        "\ua038"
      ]
    },
	{
      "type": "bitmap",
      "file": "rmf:item/diamond_apple.png",
      "height": 10,
      "ascent": 10,
      "chars": [
        "\ua039"
      ]
    },
	{
      "type": "bitmap",
      "file": "rmf:item/emerald_apple.png",
      "height": 10,
      "ascent": 10,
      "chars": [
        "\ua040"
      ]
    },
	{
      "type": "bitmap",
      "file": "rmf:item/glow_berry_cookie.png",
      "height": 10,
      "ascent": 10,
      "chars": [
        "\ua041"
      ]
    },
	{
      "type": "bitmap",
      "file": "rmf:item/farmer_burger.png",
      "height": 10,
      "ascent": 10,
      "chars": [
        "\ua044"
      ]
    },
	{
      "type": "bitmap",
      "file": "rmf:item/filled_donut.png",
      "height": 10,
      "ascent": 10,
      "chars": [
        "\ua045"
      ]
    },
	{
      "type": "bitmap",
      "file": "rmf:item/fillet_burger.png",
      "height": 10,
      "ascent": 10,
      "chars": [
        "\ua046"
      ]
    },
	{
      "type": "bitmap",
      "file": "rmf:item/fish_and_chips.png",
      "height": 10,
      "ascent": 10,
      "chars": [
        "\ua047"
      ]
    },
	{
      "type": "bitmap",
      "file": "rmf:item/french_toast.png",
      "height": 10,
      "ascent": 10,
      "chars": [
        "\ua048"
      ]
    },
	{
      "type": "bitmap",
      "file": "rmf:item/fried_dragon_egg.png",
      "height": 10,
      "ascent": 10,
      "chars": [
        "\ua049"
      ]
    },
	{
      "type": "bitmap",
      "file": "rmf:item/fried_egg.png",
      "height": 10,
      "ascent": 10,
      "chars": [
        "\ua050"
      ]
    },
	{
      "type": "bitmap",
      "file": "rmf:item/fried_rice.png",
      "height": 10,
      "ascent": 10,
      "chars": [
        "\ua051"
      ]
    },
	{
      "type": "bitmap",
      "file": "rmf:item/fried_sniffer_egg.png",
      "height": 10,
      "ascent": 10,
      "chars": [
        "\ua052"
      ]
    },
	{
      "type": "bitmap",
      "file": "rmf:item/fried_tofu.png",
      "height": 10,
      "ascent": 10,
      "chars": [
        "\ua053"
      ]
    },
	{
      "type": "bitmap",
      "file": "rmf:item/frosted_pumpkin_pie.png",
      "height": 10,
      "ascent": 10,
      "chars": [
        "\ua054"
      ]
    },
	{
      "type": "bitmap",
      "file": "rmf:item/fruit_punch.png",
      "height": 10,
      "ascent": 10,
      "chars": [
        "\ua055"
      ]
    },
	{
      "type": "bitmap",
      "file": "rmf:item/garlic_bread.png",
      "height": 10,
      "ascent": 10,
      "chars": [
        "\ua056"
      ]
    },
	{
      "type": "bitmap",
      "file": "rmf:item/glazed_donut.png",
      "height": 10,
      "ascent": 10,
      "chars": [
        "\ua057"
      ]
    },
	{
      "type": "bitmap",
      "file": "rmf:item/glow_berry_jam.png",
      "height": 10,
      "ascent": 10,
      "chars": [
        "\ua059"
      ]
    },
	{
      "type": "bitmap",
      "file": "rmf:item/glow_filled_donut.png",
      "height": 10,
      "ascent": 10,
      "chars": [
        "\ua060"
      ]
    },
	{
      "type": "bitmap",
      "file": "rmf:item/golden_apple_juice.png",
      "height": 10,
      "ascent": 10,
      "chars": [
        "\ua061"
      ]
    },
	{
      "type": "bitmap",
      "file": "rmf:item/snow_cone_green.png",
      "height": 10,
      "ascent": 10,
      "chars": [
        "\ua062"
      ]
    },
	{
      "type": "bitmap",
      "file": "rmf:item/honey_ball.png",
      "height": 10,
      "ascent": 10,
      "chars": [
        "\ua063"
      ]
    },
	{
      "type": "bitmap",
      "file": "rmf:item/honey_chicken.png",
      "height": 10,
      "ascent": 10,
      "chars": [
        "\ua064"
      ]
    },
	{
      "type": "bitmap",
      "file": "rmf:item/honey_cookie.png",
      "height": 10,
      "ascent": 10,
      "chars": [
        "\ua065"
      ]
    },
	{
      "type": "bitmap",
      "file": "rmf:item/honeycomb_candy.png",
      "height": 10,
      "ascent": 10,
      "chars": [
        "\ua066"
      ]
    },
	{
      "type": "bitmap",
      "file": "rmf:item/honeyed_apple.png",
      "height": 10,
      "ascent": 10,
      "chars": [
        "\ua067"
      ]
    },
	{
      "type": "bitmap",
      "file": "rmf:item/hot_cocoa.png",
      "height": 10,
      "ascent": 10,
      "chars": [
        "\ua068"
      ]
    },
	{
      "type": "bitmap",
      "file": "rmf:item/hot_dog.png",
      "height": 10,
      "ascent": 10,
      "chars": [
        "\ua069"
      ]
    },
	{
      "type": "bitmap",
      "file": "rmf:item/ice_cream.png",
      "height": 10,
      "ascent": 10,
      "chars": [
        "\ua070"
      ]
    },
	{
      "type": "bitmap",
      "file": "rmf:item/impossible_burger.png",
      "height": 10,
      "ascent": 10,
      "chars": [
        "\ua071"
      ]
    },
	{
      "type": "bitmap",
      "file": "rmf:item/kabob.png",
      "height": 10,
      "ascent": 10,
      "chars": [
        "\ua072"
      ]
    },
	{
      "type": "bitmap",
      "file": "rmf:item/lasagna.png",
      "height": 10,
      "ascent": 10,
      "chars": [
        "\ua073"
      ]
    },
	{
      "type": "bitmap",
      "file": "rmf:item/snow_cone_light_blue.png",
      "height": 10,
      "ascent": 10,
      "chars": [
        "\ua074"
      ]
    },
	{
      "type": "bitmap",
      "file": "rmf:item/snow_cone_lime.png",
      "height": 10,
      "ascent": 10,
      "chars": [
        "\ua075"
      ]
    },
	{
      "type": "bitmap",
      "file": "rmf:item/mac_and_cheese.png",
      "height": 10,
      "ascent": 10,
      "chars": [
        "\ua076"
      ]
    },
	{
      "type": "bitmap",
      "file": "rmf:item/mango.png",
      "height": 10,
      "ascent": 10,
      "chars": [
        "\ua077"
      ]
    },
	{
      "type": "bitmap",
      "file": "rmf:item/smoothie_mango.png",
      "height": 10,
      "ascent": 10,
      "chars": [
        "\ua078"
      ]
    },
	{
      "type": "bitmap",
      "file": "rmf:item/marshmallow_sandwich.png",
      "height": 10,
      "ascent": 10,
      "chars": [
        "\ua079"
      ]
    },
	{
      "type": "bitmap",
      "file": "rmf:item/marshmallow_stick.png",
      "height": 10,
      "ascent": 10,
      "chars": [
        "\ua080"
      ]
    },
	{
      "type": "bitmap",
      "file": "rmf:item/marshmallows.png",
      "height": 10,
      "ascent": 10,
      "chars": [
        "\ua081"
      ]
    },
	{
      "type": "bitmap",
      "file": "rmf:item/mct_sandwich.png",
      "height": 10,
      "ascent": 10,
      "chars": [
        "\ua082"
      ]
    },
	{
      "type": "bitmap",
      "file": "rmf:item/meaty_pizza_slice.png",
      "height": 10,
      "ascent": 10,
      "chars": [
        "\ua083"
      ]
    },
	{
      "type": "bitmap",
      "file": "rmf:item/melon_mash.png",
      "height": 10,
      "ascent": 10,
      "chars": [
        "\ua084"
      ]
    },
	{
      "type": "bitmap",
      "file": "rmf:item/smoothie_melon.png",
      "height": 10,
      "ascent": 10,
      "chars": [
        "\ua085"
      ]
    },
	{
      "type": "bitmap",
      "file": "rmf:item/milk_barrel_icon.png",
      "height": 10,
      "ascent": 10,
      "chars": [
        "\ua086"
      ]
    },
	{
      "type": "bitmap",
      "file": "rmf:item/chocolate_bar_milk.png",
      "height": 10,
      "ascent": 10,
      "chars": [
        "\ua087"
      ]
    },
	{
      "type": "bitmap",
      "file": "rmf:item/monster_mash.png",
      "height": 10,
      "ascent": 10,
      "chars": [
        "\ua088"
      ]
    },
	{
      "type": "bitmap",
      "file": "rmf:item/mortar_and_pestle.png",
      "height": 10,
      "ascent": 10,
      "chars": [
        "\ua089"
      ]
    },
	{
      "type": "bitmap",
      "file": "rmf:item/ominous_cookie.png",
      "height": 10,
      "ascent": 10,
      "chars": [
        "\ua090"
      ]
    },
	{
      "type": "bitmap",
      "file": "rmf:item/snow_cone_orange.png",
      "height": 10,
      "ascent": 10,
      "chars": [
        "\ua091"
      ]
    },
	{
      "type": "bitmap",
      "file": "rmf:item/pasta.png",
      "height": 10,
      "ascent": 10,
      "chars": [
        "\ua092"
      ]
    },
	{
      "type": "bitmap",
      "file": "rmf:item/peach.png",
      "height": 10,
      "ascent": 10,
      "chars": [
        "\ua093"
      ]
    },
	{
      "type": "bitmap",
      "file": "rmf:item/smoothie_peach.png",
      "height": 10,
      "ascent": 10,
      "chars": [
        "\ua094"
      ]
    },
	{
      "type": "bitmap",
      "file": "rmf:item/pierogi.png",
      "height": 10,
      "ascent": 10,
      "chars": [
        "\ua095"
      ]
    },
	{
      "type": "bitmap",
      "file": "rmf:item/snow_cone_pink.png",
      "height": 10,
      "ascent": 10,
      "chars": [
        "\ua096"
      ]
    },
	{
      "type": "bitmap",
      "file": "rmf:item/plain_donut.png",
      "height": 10,
      "ascent": 10,
      "chars": [
        "\ua097"
      ]
    },
	{
      "type": "bitmap",
      "file": "rmf:item/popcorn.png",
      "height": 10,
      "ascent": 10,
      "chars": [
        "\ua098"
      ]
    },
	{
      "type": "bitmap",
      "file": "rmf:item/poutine.png",
      "height": 10,
      "ascent": 10,
      "chars": [
        "\ua099"
      ]
    },
	{
      "type": "bitmap",
      "file": "rmf:item/pretzel.png",
      "height": 10,
      "ascent": 10,
      "chars": [
        "\ua100"
      ]
    },
	{
      "type": "bitmap",
      "file": "rmf:item/prickly_pear.png",
      "height": 10,
      "ascent": 10,
      "chars": [
        "\ua101"
      ]
    },
	{
      "type": "bitmap",
      "file": "rmf:item/pumpkin_pie_slice.png",
      "height": 10,
      "ascent": 10,
      "chars": [
        "\ua102"
      ]
    },
	{
      "type": "bitmap",
      "file": "rmf:item/pumpkin_slice.png",
      "height": 10,
      "ascent": 10,
      "chars": [
        "\ua103"
      ]
    },
	{
      "type": "bitmap",
      "file": "rmf:item/snow_cone_purple.png",
      "height": 10,
      "ascent": 10,
      "chars": [
        "\ua104"
      ]
    },
	{
      "type": "bitmap",
      "file": "rmf:item/quesadilla.png",
      "height": 10,
      "ascent": 10,
      "chars": [
        "\ua105"
      ]
    },
	{
      "type": "bitmap",
      "file": "rmf:item/ramen.png",
      "height": 10,
      "ascent": 10,
      "chars": [
        "\ua106"
      ]
    },
	{
      "type": "bitmap",
      "file": "rmf:item/smoothie_raspberry.png",
      "height": 10,
      "ascent": 10,
      "chars": [
        "\ua107"
      ]
    },
	{
      "type": "bitmap",
      "file": "rmf:item/snow_cone_red.png",
      "height": 10,
      "ascent": 10,
      "chars": [
        "\ua108"
      ]
    },
	{
      "type": "bitmap",
      "file": "rmf:item/rice.png",
      "height": 10,
      "ascent": 10,
      "chars": [
        "\ua109"
      ]
    },
	{
      "type": "bitmap",
      "file": "rmf:item/rice_bowl.png",
      "height": 10,
      "ascent": 10,
      "chars": [
        "\ua110"
      ]
    },
	{
      "type": "bitmap",
      "file": "rmf:item/roasted_carrot.png",
      "height": 10,
      "ascent": 10,
      "chars": [
        "\ua111"
      ]
    },
	{
      "type": "bitmap",
      "file": "rmf:item/roasted_marshmallow_stick.png",
      "height": 10,
      "ascent": 10,
      "chars": [
        "\ua112"
      ]
    },
	{
      "type": "bitmap",
      "file": "rmf:item/rotten_tomato.png",
      "height": 10,
      "ascent": 10,
      "chars": [
        "\ua113"
      ]
    },
	{
      "type": "bitmap",
      "file": "rmf:item/salad.png",
      "height": 10,
      "ascent": 10,
      "chars": [
        "\ua114"
      ]
    },
	{
      "type": "bitmap",
      "file": "rmf:item/sea_snack.png",
      "height": 10,
      "ascent": 10,
      "chars": [
        "\ua115"
      ]
    },
	{
      "type": "bitmap",
      "file": "rmf:item/seasoning.png",
      "height": 10,
      "ascent": 10,
      "chars": [
        "\ua116"
      ]
    },
	{
      "type": "bitmap",
      "file": "rmf:item/shaker_cup.png",
      "height": 10,
      "ascent": 10,
      "chars": [
        "\ua117"
      ]
    },
	{
      "type": "bitmap",
      "file": "rmf:item/shepard_pie.png",
      "height": 10,
      "ascent": 10,
      "chars": [
        "\ua118"
      ]
    },
	{
      "type": "bitmap",
      "file": "rmf:item/strawberry.png",
      "height": 10,
      "ascent": 10,
      "chars": [
        "\ua119"
      ]
    },
	{
      "type": "bitmap",
      "file": "rmf:item/smoothie_strawberry.png",
      "height": 10,
      "ascent": 10,
      "chars": [
        "\ua120"
      ]
    },
	{
      "type": "bitmap",
      "file": "rmf:item/stuffed_potato.png",
      "height": 10,
      "ascent": 10,
      "chars": [
        "\ua121"
      ]
    },
	{
      "type": "bitmap",
      "file": "rmf:item/sweet_berry_jam.png",
      "height": 10,
      "ascent": 10,
      "chars": [
        "\ua122"
      ]
    },
	{
      "type": "bitmap",
      "file": "rmf:item/taco.png",
      "height": 10,
      "ascent": 10,
      "chars": [
        "\ua123"
      ]
    },
	{
      "type": "bitmap",
      "file": "rmf:item/tea.png",
      "height": 10,
      "ascent": 10,
      "chars": [
        "\ua124"
      ]
    },
	{
      "type": "bitmap",
      "file": "rmf:item/tofu.png",
      "height": 10,
      "ascent": 10,
      "chars": [
        "\ua125"
      ]
    },
	{
      "type": "bitmap",
      "file": "rmf:item/veg_burrito.png",
      "height": 10,
      "ascent": 10,
      "chars": [
        "\ua126"
      ]
    },
	{
      "type": "bitmap",
      "file": "rmf:item/veg_pizza_slice.png",
      "height": 10,
      "ascent": 10,
      "chars": [
        "\ua127"
      ]
    },
	{
      "type": "bitmap",
      "file": "rmf:item/veg_quesadilla.png",
      "height": 10,
      "ascent": 10,
      "chars": [
        "\ua128"
      ]
    },
	{
      "type": "bitmap",
      "file": "rmf:item/veg_taco.png",
      "height": 10,
      "ascent": 10,
      "chars": [
        "\ua129"
      ]
    },
	{
      "type": "bitmap",
      "file": "rmf:item/vegetable_oil.png",
      "height": 10,
      "ascent": 10,
      "chars": [
        "\ua130"
      ]
    },
	{
      "type": "bitmap",
      "file": "rmf:item/veggie_dog.png",
      "height": 10,
      "ascent": 10,
      "chars": [
        "\ua131"
      ]
    },
	{
      "type": "bitmap",
      "file": "rmf:item/water_barrel_icon.png",
      "height": 10,
      "ascent": 10,
      "chars": [
        "\ua132"
      ]
    },
	{
      "type": "bitmap",
      "file": "rmf:item/chocolate_bar_white.png",
      "height": 10,
      "ascent": 10,
      "chars": [
        "\ua133"
      ]
    },
	{
      "type": "bitmap",
      "file": "rmf:item/snow_cone_white.png",
      "height": 10,
      "ascent": 10,
      "chars": [
        "\ua134"
      ]
    },
	{
      "type": "bitmap",
      "file": "rmf:item/snow_cone_yellow.png",
      "height": 10,
      "ascent": 10,
      "chars": [
        "\ua135"
      ]
    },
	{
      "type": "bitmap",
      "file": "rmf:item/yogurt.png",
      "height": 10,
      "ascent": 10,
      "chars": [
        "\ua136"
      ]
    },
	{
      "type": "bitmap",
      "file": "rmf:item/zombie_jerky.png",
      "height": 10,
      "ascent": 10,
      "chars": [
        "\ua137"
      ]
    },
	{
      "type": "bitmap",
      "file": "rmf:item/plain_muffin.png",
      "height": 10,
      "ascent": 10,
      "chars": [
        "\ua138"
      ]
    },
	{
      "type": "bitmap",
      "file": "rmf:item/sweet_berry_muffin.png",
      "height": 10,
      "ascent": 10,
      "chars": [
        "\ua139"
      ]
    },
	{
      "type": "bitmap",
      "file": "rmf:item/glow_berry_muffin.png",
      "height": 10,
      "ascent": 10,
      "chars": [
        "\ua140"
      ]
    },
	{
      "type": "bitmap",
      "file": "rmf:item/cupcake.png",
      "height": 10,
      "ascent": 10,
      "chars": [
        "\ua141"
      ]
    },
	{
      "type": "bitmap",
      "file": "rmf:item/chocolate_cupcake.png",
      "height": 10,
      "ascent": 10,
      "chars": [
        "\ua142"
      ]
    },
	{
      "type": "bitmap",
      "file": "rmf:item/soy_milk.png",
      "height": 10,
      "ascent": 10,
      "chars": [
        "\ua143"
      ]
    },
	{
      "type": "bitmap",
      "file": "minecraft:item/beetroot.png",
      "height": 10,
      "ascent": 10,
      "chars": [
        "\ua144"
      ]
    },
	{
      "type": "bitmap",
      "file": "rmf:item/chef_hat_model.png",
      "height": 10,
      "ascent": 10,
      "chars": [
        "\ua145"
      ]
    },
	{
      "type": "bitmap",
      "file": "rmf:item/crafting_table_model.png",
      "height": 10,
      "ascent": 10,
      "chars": [
        "\ua146"
      ]
    },
	{
      "type": "bitmap",
      "file": "rmf:item/stock.png",
      "height": 10,
      "ascent": 10,
      "chars": [
        "\ua147"
      ]
    },
	{
      "type": "bitmap",
      "file": "rmf:item/coconut_milk.png",
      "height": 10,
      "ascent": 10,
      "chars": [
        "\ua148"
      ]
    },
	{
      "type": "bitmap",
      "file": "minecraft:item/beetroot.png",
      "height": 10,
      "ascent": 10,
      "chars": [
        "\ua149"
      ]
    }
  ]
}
