{
  "providers": [
    {
	  "type": "space",
	    "advances": {
		  " ": 4,
		  "\uf000": 2
		  }
	  },
    {
      "type": "bitmap",
      "file": "rmf:recipes/beef_burger.png",
      "height": 55,
      "ascent": 4,
      "chars": [
        "\ua006"
      ]
    },
	{
      "type": "bitmap",
      "file": "rmf:recipes/cheeseburger.png",
      "height": 55,
      "ascent": 4,
      "chars": [
        "\ua019"
      ]
    },
	{
      "type": "bitmap",
      "file": "rmf:recipes/chicken_burger.png",
      "height": 55,
      "ascent": 4,
      "chars": [
        "\ua021"
      ]
    },
	{
      "type": "bitmap",
      "file": "rmf:recipes/farmer_burger.png",
      "height": 55,
      "ascent": 4,
      "chars": [
        "\ua044"
      ]
    },
	{
      "type": "bitmap",
      "file": "rmf:recipes/fillet_burger.png",
      "height": 55,
      "ascent": 4,
      "chars": [
        "\ua046"
      ]
    },
	{
      "type": "bitmap",
      "file": "rmf:recipes/impossible_burger.png",
      "height": 55,
      "ascent": 4,
      "chars": [
        "\ua071"
      ]
    },
	{
      "type": "bitmap",
      "file": "rmf:recipes/cheesecake.png",
      "height": 55,
      "ascent": 4,
      "chars": [
        "\ua020"
      ]
    },
	{
      "type": "bitmap",
      "file": "rmf:recipes/burrito.png",
      "height": 55,
      "ascent": 4,
      "chars": [
        "\ua013"
      ]
    },
	{
      "type": "bitmap",
      "file": "rmf:recipes/veg_burrito.png",
      "height": 55,
      "ascent": 4,
      "chars": [
        "\ua126"
      ]
    },
	{
      "type": "bitmap",
      "file": "rmf:recipes/cheese_sandwich.png",
      "height": 55,
      "ascent": 4,
      "chars": [
        "\ua018"
      ]
    },
	{
      "type": "bitmap",
      "file": "rmf:recipes/mct_sandwich.png",
      "height": 55,
      "ascent": 4,
      "chars": [
        "\ua082"
      ]
    },
	{
      "type": "bitmap",
      "file": "rmf:recipes/fish_and_chips.png",
      "height": 55,
      "ascent": 4,
      "chars": [
        "\ua047"
      ]
    },
	{
      "type": "bitmap",
      "file": "rmf:recipes/frosted_pumpkin_pie.png",
      "height": 55,
      "ascent": 4,
      "chars": [
        "\ua054"
      ]
    },
	{
      "type": "bitmap",
      "file": "rmf:recipes/hot_dog.png",
      "height": 55,
      "ascent": 4,
      "chars": [
        "\ua069"
      ]
    },
	{
      "type": "bitmap",
      "file": "rmf:recipes/kabob.png",
      "height": 55,
      "ascent": 4,
      "chars": [
        "\ua072"
      ]
    },
	{
      "type": "bitmap",
      "file": "rmf:recipes/meaty_pizza_slice.png",
      "height": 55,
      "ascent": 4,
      "chars": [
        "\ua083"
      ]
    },
	{
      "type": "bitmap",
      "file": "rmf:recipes/popcorn.png",
      "height": 55,
      "ascent": 4,
      "chars": [
        "\ua098"
      ]
    },
	{
      "type": "bitmap",
      "file": "rmf:recipes/hearty_stew.png",
      "height": 55,
      "ascent": 4,
      "chars": [
        "\ua038"
      ]
    },
	{
      "type": "bitmap",
      "file": "rmf:recipes/ramen.png",
      "height": 55,
      "ascent": 4,
      "chars": [
        "\ua106"
      ]
    },
	{
      "type": "bitmap",
      "file": "rmf:recipes/stuffed_potato.png",
      "height": 55,
      "ascent": 4,
      "chars": [
        "\ua121"
      ]
    },
	{
      "type": "bitmap",
      "file": "rmf:recipes/fried_dragon_egg.png",
      "height": 55,
      "ascent": 4,
      "chars": [
        "\ua049"
      ]
    },
	{
      "type": "bitmap",
      "file": "rmf:recipes/fried_sniffer_egg.png",
      "height": 55,
      "ascent": 4,
      "chars": [
        "\ua052"
      ]
    },
	{
      "type": "bitmap",
      "file": "rmf:recipes/apple_pie.png",
      "height": 55,
      "ascent": 4,
      "chars": [
        "\ua001"
      ]
    },
	{
      "type": "bitmap",
      "file": "rmf:recipes/baguette.png",
      "height": 55,
      "ascent": 4,
      "chars": [
        "\ua003"
      ]
    },
	{
      "type": "bitmap",
      "file": "rmf:recipes/filled_donut.png",
      "height": 55,
      "ascent": 4,
      "chars": [
        "\ua045"
      ]
    },
	{
      "type": "bitmap",
      "file": "rmf:recipes/glow_filled_donut.png",
      "height": 55,
      "ascent": 4,
      "chars": [
        "\ua060"
      ]
    },
	{
      "type": "bitmap",
      "file": "rmf:recipes/cheese_pizza_slice.png",
      "height": 55,
      "ascent": 4,
      "chars": [
        "\ua017"
      ]
    },
	{
      "type": "bitmap",
      "file": "rmf:recipes/garlic_bread.png",
      "height": 55,
      "ascent": 4,
      "chars": [
        "\ua056"
      ]
    },
	{
      "type": "bitmap",
      "file": "rmf:recipes/veg_pizza_slice.png",
      "height": 55,
      "ascent": 4,
      "chars": [
        "\ua127"
      ]
    },
	{
      "type": "bitmap",
      "file": "rmf:recipes/chicken_parmesan.png",
      "height": 55,
      "ascent": 4,
      "chars": [
        "\ua022"
      ]
    },
	{
      "type": "bitmap",
      "file": "rmf:recipes/chicken_soup.png",
      "height": 55,
      "ascent": 4,
      "chars": [
        "\ua023"
      ]
    },
	{
      "type": "bitmap",
      "file": "rmf:recipes/churro.png",
      "height": 55,
      "ascent": 4,
      "chars": [
        "\ua027"
      ]
    },
	{
      "type": "bitmap",
      "file": "rmf:recipes/french_toast.png",
      "height": 55,
      "ascent": 4,
      "chars": [
        "\ua048"
      ]
    },
	{
      "type": "bitmap",
      "file": "rmf:recipes/fried_rice.png",
      "height": 55,
      "ascent": 4,
      "chars": [
        "\ua051"
      ]
    },
	{
      "type": "bitmap",
      "file": "rmf:recipes/honeyed_apple.png",
      "height": 55,
      "ascent": 4,
      "chars": [
        "\ua067"
      ]
    },
	{
      "type": "bitmap",
      "file": "rmf:recipes/honey_chicken.png",
      "height": 55,
      "ascent": 4,
      "chars": [
        "\ua064"
      ]
    },
	{
      "type": "bitmap",
      "file": "rmf:recipes/lasagna.png",
      "height": 55,
      "ascent": 4,
      "chars": [
        "\ua073"
      ]
    },
	{
      "type": "bitmap",
      "file": "rmf:recipes/mac_and_cheese.png",
      "height": 55,
      "ascent": 4,
      "chars": [
        "\ua076"
      ]
    },
	{
      "type": "bitmap",
      "file": "rmf:recipes/sweet_berry_jam.png",
      "height": 55,
      "ascent": 4,
      "chars": [
        "\ua122"
      ]
    },
	{
      "type": "bitmap",
      "file": "rmf:recipes/glow_berry_jam.png",
      "height": 55,
      "ascent": 4,
      "chars": [
        "\ua059"
      ]
    },
	{
      "type": "bitmap",
      "file": "rmf:recipes/ominous_cookie.png",
      "height": 55,
      "ascent": 4,
      "chars": [
        "\ua090"
      ]
    },
	{
      "type": "bitmap",
      "file": "rmf:recipes/pierogi.png",
      "height": 55,
      "ascent": 4,
      "chars": [
        "\ua095"
      ]
    },
	{
      "type": "bitmap",
      "file": "rmf:recipes/poutine.png",
      "height": 55,
      "ascent": 4,
      "chars": [
        "\ua099"
      ]
    },
	{
      "type": "bitmap",
      "file": "rmf:recipes/sheperd_pie.png",
      "height": 55,
      "ascent": 4,
      "chars": [
        "\ua118"
      ]
    },
	{
      "type": "bitmap",
      "file": "rmf:recipes/taco.png",
      "height": 55,
      "ascent": 4,
      "chars": [
        "\ua123"
      ]
    },
	{
      "type": "bitmap",
      "file": "rmf:recipes/veggie_dog.png",
      "height": 55,
      "ascent": 4,
      "chars": [
        "\ua131"
      ]
    },
	{
      "type": "bitmap",
      "file": "rmf:recipes/apple_pie_slice.png",
      "height": 55,
      "ascent": 4,
      "chars": [
        "\ua002"
      ]
    },
	{
      "type": "bitmap",
      "file": "rmf:recipes/strawberry.png",
      "height": 55,
      "ascent": 4,
      "chars": [
        "\ua119"
      ]
    },
	{
      "type": "bitmap",
      "file": "rmf:recipes/berry_cookie.png",
      "height": 55,
      "ascent": 4,
      "chars": [
        "\ua007"
      ]
    },
	{
      "type": "bitmap",
      "file": "rmf:recipes/cocoa_cookie.png",
      "height": 55,
      "ascent": 4,
      "chars": [
        "\ua029"
      ]
    },
	{
      "type": "bitmap",
      "file": "rmf:recipes/glow_berry_cookie.png",
      "height": 55,
      "ascent": 4,
      "chars": [
        "\ua041"
      ]
    },
	{
      "type": "bitmap",
      "file": "rmf:recipes/honey_cookie.png",
      "height": 55,
      "ascent": 4,
      "chars": [
        "\ua065"
      ]
    },
	{
      "type": "bitmap",
      "file": "rmf:recipes/brownie.png",
      "height": 55,
      "ascent": 4,
      "chars": [
        "\ua011"
      ]
    },
	{
      "type": "bitmap",
      "file": "rmf:recipes/cake_slice.png",
      "height": 55,
      "ascent": 4,
      "chars": [
        "\ua014"
      ]
    },
	{
      "type": "bitmap",
      "file": "rmf:recipes/chocolate_cake.png",
      "height": 55,
      "ascent": 4,
      "chars": [
        "\ua024"
      ]
    },
	{
      "type": "bitmap",
      "file": "rmf:recipes/cracker.png",
      "height": 55,
      "ascent": 4,
      "chars": [
        "\ua034"
      ]
    },
	{
      "type": "bitmap",
      "file": "rmf:recipes/dark_chocolate_bar.png",
      "height": 55,
      "ascent": 4,
      "chars": [
        "\ua037"
      ]
    },
	{
      "type": "bitmap",
      "file": "rmf:recipes/milk_chocolate_bar.png",
      "height": 55,
      "ascent": 4,
      "chars": [
        "\ua087"
      ]
    },
	{
      "type": "bitmap",
      "file": "rmf:recipes/white_chocolate_bar.png",
      "height": 55,
      "ascent": 4,
      "chars": [
        "\ua133"
      ]
    },
	{
      "type": "bitmap",
      "file": "rmf:recipes/diamond_apple.png",
      "height": 55,
      "ascent": 4,
      "chars": [
        "\ua039"
      ]
    },
	{
      "type": "bitmap",
      "file": "rmf:recipes/emerald_apple.png",
      "height": 55,
      "ascent": 4,
      "chars": [
        "\ua040"
      ]
    },
	{
      "type": "bitmap",
      "file": "rmf:recipes/enchanted_diamond_apple.png",
      "height": 55,
      "ascent": 4,
      "chars": [
        "\ua144"
      ]
    },
	{
      "type": "bitmap",
      "file": "rmf:recipes/enchanted_emerald_apple.png",
      "height": 55,
      "ascent": 4,
      "chars": [
        "\ua146"
      ]
    },
	{
      "type": "bitmap",
      "file": "rmf:recipes/marshmallows.png",
      "height": 55,
      "ascent": 4,
      "chars": [
        "\ua081"
      ]
    },
	{
      "type": "bitmap",
      "file": "rmf:recipes/marshmallow_stick.png",
      "height": 55,
      "ascent": 4,
      "chars": [
        "\ua080"
      ]
    },
	{
      "type": "bitmap",
      "file": "rmf:recipes/roasted_marshmallow_stick.png",
      "height": 55,
      "ascent": 4,
      "chars": [
        "\ua112"
      ]
    },
	{
      "type": "bitmap",
      "file": "rmf:recipes/salad.png",
      "height": 55,
      "ascent": 4,
      "chars": [
        "\ua114"
      ]
    },
	{
      "type": "bitmap",
      "file": "rmf:recipes/red_snow_cone.png",
      "height": 55,
      "ascent": 4,
      "chars": [
        "\ua108"
      ]
    },
	{
      "type": "bitmap",
      "file": "rmf:recipes/ice_cream.png",
      "height": 55,
      "ascent": 4,
      "chars": [
        "\ua070"
      ]
    },
	{
      "type": "bitmap",
      "file": "rmf:recipes/cut_potatoes.png",
      "height": 55,
      "ascent": 4,
      "chars": [
        "\ua036"
      ]
    },
	{
      "type": "bitmap",
      "file": "rmf:recipes/pumpkin_pie_slice.png",
      "height": 55,
      "ascent": 4,
      "chars": [
        "\ua102"
      ]
    },
	{
      "type": "bitmap",
      "file": "rmf:recipes/cupcake.png",
      "height": 55,
      "ascent": 4,
      "chars": [
        "\ua141"
      ]
    },
	{
      "type": "bitmap",
      "file": "rmf:recipes/chocolate_cupcake.png",
      "height": 55,
      "ascent": 4,
      "chars": [
        "\ua142"
      ]
    },
	{
      "type": "bitmap",
      "file": "rmf:recipes/cereal.png",
      "height": 55,
      "ascent": 4,
      "chars": [
        "\ua015"
      ]
    },
	{
      "type": "bitmap",
      "file": "rmf:recipes/coconut_chunk.png",
      "height": 55,
      "ascent": 4,
      "chars": [
        "\ua031"
      ]
    },
	{
      "type": "bitmap",
      "file": "rmf:recipes/croissant.png",
      "height": 55,
      "ascent": 4,
      "chars": [
        "\ua035"
      ]
    },
	{
      "type": "bitmap",
      "file": "rmf:recipes/plain_donut.png",
      "height": 55,
      "ascent": 4,
      "chars": [
        "\ua097"
      ]
    },
	{
      "type": "bitmap",
      "file": "rmf:recipes/glazed_donut.png",
      "height": 55,
      "ascent": 4,
      "chars": [
        "\ua057"
      ]
    },
	{
      "type": "bitmap",
      "file": "rmf:recipes/prickly_pear.png",
      "height": 55,
      "ascent": 4,
      "chars": [
        "\ua101"
      ]
    },
	{
      "type": "bitmap",
      "file": "rmf:recipes/plain_muffin.png",
      "height": 55,
      "ascent": 4,
      "chars": [
        "\ua138"
      ]
    },
	{
      "type": "bitmap",
      "file": "rmf:recipes/sweet_berry_muffin.png",
      "height": 55,
      "ascent": 4,
      "chars": [
        "\ua139"
      ]
    },
	{
      "type": "bitmap",
      "file": "rmf:recipes/glow_berry_muffin.png",
      "height": 55,
      "ascent": 4,
      "chars": [
        "\ua140"
      ]
    },
	{
      "type": "bitmap",
      "file": "rmf:recipes/pretzel.png",
      "height": 55,
      "ascent": 4,
      "chars": [
        "\ua100"
      ]
    },
	{
      "type": "bitmap",
      "file": "rmf:recipes/quesadilla.png",
      "height": 55,
      "ascent": 4,
      "chars": [
        "\ua105"
      ]
    },
	{
      "type": "bitmap",
      "file": "rmf:recipes/veg_quesadilla.png",
      "height": 55,
      "ascent": 4,
      "chars": [
        "\ua128"
      ]
    },
	{
      "type": "bitmap",
      "file": "rmf:recipes/burned_marshmallow_stick.png",
      "height": 55,
      "ascent": 4,
      "chars": [
        "\ua012"
      ]
    },
	{
      "type": "bitmap",
      "file": "rmf:recipes/rice_bowl.png",
      "height": 55,
      "ascent": 4,
      "chars": [
        "\ua110"
      ]
    },
	{
      "type": "bitmap",
      "file": "rmf:recipes/sea_snack.png",
      "height": 55,
      "ascent": 4,
      "chars": [
        "\ua115"
      ]
    },
	{
      "type": "bitmap",
      "file": "rmf:recipes/veg_taco.png",
      "height": 55,
      "ascent": 4,
      "chars": [
        "\ua129"
      ]
    },
	{
      "type": "bitmap",
      "file": "rmf:recipes/roasted_carrot.png",
      "height": 55,
      "ascent": 4,
      "chars": [
        "\ua111"
      ]
    },
	{
      "type": "bitmap",
      "file": "rmf:recipes/zombie_jerky.png",
      "height": 55,
      "ascent": 4,
      "chars": [
        "\ua137"
      ]
    },
	{
      "type": "bitmap",
      "file": "rmf:recipes/stock.png",
      "height": 55,
      "ascent": 4,
      "chars": [
        "\ua147"
      ]
    },
	{
      "type": "bitmap",
      "file": "rmf:recipes/honeycomb_candy.png",
      "height": 55,
      "ascent": 4,
      "chars": [
        "\ua066"
      ]
    },
	{
      "type": "bitmap",
      "file": "rmf:recipes/fried_tofu.png",
      "height": 55,
      "ascent": 4,
      "chars": [
        "\ua053"
      ]
    },
	{
      "type": "bitmap",
      "file": "rmf:recipes/fried_egg.png",
      "height": 55,
      "ascent": 4,
      "chars": [
        "\ua050"
      ]
    },
	{
      "type": "bitmap",
      "file": "rmf:recipes/pumpkin_slice.png",
      "height": 55,
      "ascent": 4,
      "chars": [
        "\ua103"
      ]
    },
	{
      "type": "bitmap",
      "file": "rmf:recipes/yogurt.png",
      "height": 55,
      "ascent": 4,
      "chars": [
        "\ua136"
      ]
    },
	{
      "type": "bitmap",
      "file": "rmf:recipes/apple_juice.png",
      "height": 55,
      "ascent": 4,
      "chars": [
        "\ua000"
      ]
    },
	{
      "type": "bitmap",
      "file": "rmf:recipes/chocolate_milk.png",
      "height": 55,
      "ascent": 4,
      "chars": [
        "\ua026"
      ]
    },
	{
      "type": "bitmap",
      "file": "rmf:recipes/coffee.png",
      "height": 55,
      "ascent": 4,
      "chars": [
        "\ua032"
      ]
    },
	{
      "type": "bitmap",
      "file": "rmf:recipes/golden_apple_juice.png",
      "height": 55,
      "ascent": 4,
      "chars": [
        "\ua061"
      ]
    },
	{
      "type": "bitmap",
      "file": "rmf:recipes/hot_cocoa.png",
      "height": 55,
      "ascent": 4,
      "chars": [
        "\ua068"
      ]
    },
	{
      "type": "bitmap",
      "file": "rmf:recipes/strawberry_smoothie.png",
      "height": 55,
      "ascent": 4,
      "chars": [
        "\ua120"
      ]
    },
	{
      "type": "bitmap",
      "file": "rmf:recipes/melon_smoothie.png",
      "height": 55,
      "ascent": 4,
      "chars": [
        "\ua085"
      ]
    },
	{
      "type": "bitmap",
      "file": "rmf:recipes/tea.png",
      "height": 55,
      "ascent": 4,
      "chars": [
        "\ua124"
      ]
    },
	{
      "type": "bitmap",
      "file": "rmf:recipes/fruit_punch.png",
      "height": 55,
      "ascent": 4,
      "chars": [
        "\ua055"
      ]
    },
	{
      "type": "bitmap",
      "file": "rmf:recipes/melon_mash.png",
      "height": 55,
      "ascent": 4,
      "chars": [
        "\ua084"
      ]
    },
	{
      "type": "bitmap",
      "file": "rmf:recipes/banana.png",
      "height": 55,
      "ascent": 4,
      "chars": [
        "\ua004"
      ]
    },
	{
      "type": "bitmap",
      "file": "rmf:recipes/cheese_sponge.png",
      "height": 55,
      "ascent": 4,
      "chars": [
        "\ua016"
      ]
    },
	{
      "type": "bitmap",
      "file": "rmf:recipes/coffee_beans.png",
      "height": 55,
      "ascent": 4,
      "chars": [
        "\ua033"
      ]
    },
	{
      "type": "bitmap",
      "file": "rmf:recipes/honey_ball.png",
      "height": 55,
      "ascent": 4,
      "chars": [
        "\ua063"
      ]
    },
	{
      "type": "bitmap",
      "file": "rmf:recipes/milk_barrel.png",
      "height": 55,
      "ascent": 4,
      "chars": [
        "\ua086"
      ]
    },
	{
      "type": "bitmap",
      "file": "rmf:recipes/coconut.png",
      "height": 55,
      "ascent": 4,
      "chars": [
        "\ua030"
      ]
    },
	{
      "type": "bitmap",
      "file": "rmf:recipes/mango.png",
      "height": 55,
      "ascent": 4,
      "chars": [
        "\ua077"
      ]
    },
	{
      "type": "bitmap",
      "file": "rmf:recipes/pasta.png",
      "height": 55,
      "ascent": 4,
      "chars": [
        "\ua092"
      ]
    },
	{
      "type": "bitmap",
      "file": "rmf:recipes/rice.png",
      "height": 55,
      "ascent": 4,
      "chars": [
        "\ua109"
      ]
    },
	{
      "type": "bitmap",
      "file": "rmf:recipes/seasoning.png",
      "height": 55,
      "ascent": 4,
      "chars": [
        "\ua116"
      ]
    },
	{
      "type": "bitmap",
      "file": "rmf:recipes/tofu.png",
      "height": 55,
      "ascent": 4,
      "chars": [
        "\ua125"
      ]
    },
	{
      "type": "bitmap",
      "file": "rmf:recipes/peach.png",
      "height": 55,
      "ascent": 4,
      "chars": [
        "\ua093"
      ]
    },
	{
      "type": "bitmap",
      "file": "rmf:recipes/soy_milk.png",
      "height": 55,
      "ascent": 4,
      "chars": [
        "\ua143"
      ]
    },
	{
      "type": "bitmap",
      "file": "rmf:recipes/coconut_milk.png",
      "height": 55,
      "ascent": 4,
      "chars": [
        "\ua148"
      ]
    },
	{
      "type": "bitmap",
      "file": "rmf:recipes/vegetable_oil.png",
      "height": 55,
      "ascent": 4,
      "chars": [
        "\ua130"
      ]
    },
	{
      "type": "bitmap",
      "file": "rmf:recipes/water_barrel.png",
      "height": 55,
      "ascent": 4,
      "chars": [
        "\ua132"
      ]
    },
	{
      "type": "bitmap",
      "file": "rmf:recipes/tomato.png",
      "height": 55,
      "ascent": 4,
      "chars": [
        "\ua149"
      ]
    },
	{
      "type": "bitmap",
      "file": "rmf:recipes/mortar_and_pestle.png",
      "height": 55,
      "ascent": 4,
      "chars": [
        "\ua089"
      ]
    },
	{
      "type": "bitmap",
      "file": "rmf:recipes/shaker_cup.png",
      "height": 55,
      "ascent": 4,
      "chars": [
        "\ua117"
      ]
    },
	{
      "type": "bitmap",
      "file": "rmf:recipes/cleaver.png",
      "height": 55,
      "ascent": 4,
      "chars": [
        "\ua028"
      ]
    },
	{
      "type": "bitmap",
      "file": "rmf:recipes/chef_hat.png",
      "height": 55,
      "ascent": 4,
      "chars": [
        "\ua145"
      ]
    },
	{
      "type": "bitmap",
      "file": "rmf:recipes/monster_mash.png",
      "height": 55,
      "ascent": 4,
      "chars": [
        "\ua088"
      ]
    },
	{
      "type": "bitmap",
      "file": "rmf:recipes/rotten_tomato.png",
      "height": 55,
      "ascent": 4,
      "chars": [
        "\ua113"
      ]
    }
  ]
}
