{
	"credit": "Made with Blockbench, created by regfunkid :3",
	"texture_size": [32, 32],
	"textures": {
		"0": "rmf:item/chef_hat",
		"particle": "rmf:item/chef_hat"
	},
	"elements": [
		{
			"from": [4, 4, 4],
			"to": [12, 6.5, 12],
			"faces": {
				"north": {"uv": [7, 3, 11, 4.5], "texture": "#0"},
				"east": {"uv": [7, 4.5, 11, 6], "texture": "#0"},
				"south": {"uv": [7, 6, 11, 7.5], "texture": "#0"},
				"west": {"uv": [7, 7.5, 11, 9], "texture": "#0"},
				"up": {"uv": [4, 4, 0, 0], "texture": "#0"},
				"down": {"uv": [4, 4, 0, 8], "texture": "#0"}
			}
		},
		{
			"from": [5, 0, 5],
			"to": [11, 4, 6],
			"rotation": {"angle": 0, "axis": "y", "origin": [11.5, 0.5, 8]},
			"faces": {
				"north": {"uv": [4, 0, 7, 3], "texture": "#0"},
				"east": {"uv": [8, 9, 8.5, 12], "texture": "#0"},
				"south": {"uv": [4, 3, 7, 6], "texture": "#0"},
				"west": {"uv": [8.5, 9, 9, 12], "texture": "#0"},
				"up": {"uv": [12, 9.5, 9, 9], "texture": "#0"},
				"down": {"uv": [12, 9.5, 9, 10], "texture": "#0"}
			}
		},
		{
			"from": [5, 0, 10],
			"to": [11, 4, 11],
			"rotation": {"angle": 0, "axis": "y", "origin": [11.5, 0.5, 8]},
			"faces": {
				"north": {"uv": [4, 6, 7, 9], "texture": "#0"},
				"east": {"uv": [10, 0, 10.5, 3], "texture": "#0"},
				"south": {"uv": [7, 0, 10, 3], "texture": "#0"},
				"west": {"uv": [9, 10, 9.5, 13], "texture": "#0"},
				"up": {"uv": [12.5, 10.5, 9.5, 10], "texture": "#0"},
				"down": {"uv": [13.5, 0, 10.5, 0.5], "texture": "#0"}
			}
		},
		{
			"from": [5, 0, 6],
			"to": [5.5, 4, 10],
			"rotation": {"angle": 0, "axis": "y", "origin": [8, 4.5, 10.5]},
			"faces": {
				"north": {"uv": [9.5, 10.5, 10, 13.5], "texture": "#0"},
				"east": {"uv": [0, 8, 2, 11], "texture": "#0"},
				"south": {"uv": [10, 10.5, 10.5, 13.5], "texture": "#0"},
				"west": {"uv": [2, 8, 4, 11], "texture": "#0"},
				"up": {"uv": [11, 2.5, 10.5, 0.5], "texture": "#0"},
				"down": {"uv": [1, 11, 0.5, 13], "texture": "#0"}
			}
		},
		{
			"from": [10.5, 0, 6],
			"to": [11, 4, 10],
			"rotation": {"angle": 0, "axis": "y", "origin": [8, 4.5, 10.5]},
			"faces": {
				"north": {"uv": [10.5, 10.5, 11, 13.5], "texture": "#0"},
				"east": {"uv": [4, 9, 6, 12], "texture": "#0"},
				"south": {"uv": [0, 11, 0.5, 14], "texture": "#0"},
				"west": {"uv": [6, 9, 8, 12], "texture": "#0"},
				"up": {"uv": [11.5, 2.5, 11, 0.5], "texture": "#0"},
				"down": {"uv": [1.5, 11, 1, 13], "texture": "#0"}
			}
		}
	],
	"display": {
		"thirdperson_righthand": {
			"rotation": [23.62, 0.43, -1.49],
			"translation": [0, 5.75, 1],
			"scale": [0.77734, 0.88867, 0.77734]
		},
		"thirdperson_lefthand": {
			"rotation": [23.6, 1.51, -0.45],
			"translation": [0, 3.5, 0.25],
			"scale": [0.53711, 0.60547, 0.53711]
		},
		"firstperson_righthand": {
			"rotation": [0.34, 45.1, -1.97],
			"translation": [0, 5, 0],
			"scale": [0.72617, 0.72617, 0.72617]
		},
		"firstperson_lefthand": {
			"rotation": [0.34, 45.1, -1.97],
			"translation": [0, 5, 0],
			"scale": [0.72617, 0.72617, 0.72617]
		},
		"ground": {
			"translation": [0, 2, 0],
			"scale": [0.5, 0.5, 0.5]
		},
		"gui": {
			"rotation": [30, 225, 0],
			"translation": [0, 5, 0],
			"scale": [1.2832, 1.2832, 1.2832]
		},
		"head": {
			"translation": [0, 20, 0],
			"scale": [2.5, 2, 2.5]
		},
		"fixed": {
			"rotation": [-90, 0, 0],
			"translation": [0, 0, -10.5],
			"scale": [1.32422, 1.32422, 1.32422]
		}
	}
}