{
	"credit": "Made with Blockbench, created by regfunkid :3",
	"parent": "minecraft:item/generated",
	"textures": {
		"layer0": "rmf:item/fried_sniffer_egg"
	},
	"display": {
		"thirdperson_righthand": {
			"translation": [-0.25, 3.75, 1],
			"scale": [0.69453, 0.69453, 0.69453]
		},
		"thirdperson_lefthand": {
			"translation": [-0.25, 3.75, 1],
			"scale": [0.69453, 0.69453, 0.69453]
		},
		"firstperson_righthand": {
			"rotation": [0, -90, 25],
			"translation": [1.13, 3.95, 0.63],
			"scale": [0.84211, 0.84211, 0.84211]
		},
		"firstperson_lefthand": {
			"rotation": [0, -90, 25],
			"translation": [1.13, 3.95, 0.63],
			"scale": [0.84211, 0.84211, 0.84211]
		},
		"ground": {
			"translation": [0, 2, 0],
			"scale": [0.75, 0.75, 0.75]
		},
		"gui": {
			"translation": [0, 1, 0],
			"scale": [1.13281, 1.13281, 1.13281]
		},
		"fixed": {
			"translation": [0, 1, 0],
			"scale": [1.15039, 1.15039, 1.15039]
		}
	}
}